Residue,1,2,3,4,5
NTRA0001_,0.0,0.0,1.0,0.0,0.0
LYSA0001_,1.0,1.0,1.0,1.0,1.0
LYSA0013_,1.0,1.0,1.0,1.0,1.0
HISA0015_,0.0,1.0,0.0,0.0,0.0
TYRA0020_,0.0,0.0,0.0,0.0,0.0
LYSA0033_,1.0,1.0,1.0,1.0,1.0
GLUA0035_,-1.0,-1.0,-1.0,-1.0,0.0
ASPA0048_,-1.0,-1.0,-1.0,-1.0,-1.0
ASPA0052_,-1.0,-1.0,-1.0,-1.0,-1.0
TYRA0053_,0.0,0.0,0.0,0.0,0.0
ASPA0066_,-1.0,-1.0,-1.0,0.0,-1.0
LYSA0097_,1.0,1.0,1.0,1.0,1.0
ASPA0101_,-1.0,-1.0,-1.0,-1.0,-1.0
ASPA0119_,-1.0,-1.0,-1.0,-1.0,-1.0
CTRA0129_,-1.0,-1.0,-1.0,-1.0,-1.0
Count,1034682.0,118322.0,35482.0,49834.0,48910.0
Occupancy,0.69,0.079,0.024,0.033,0.033
Sum_crg_protein,7.0,8.0,8.0,8.0,8.0
